NSAV_COMM,REG,Value
Land,SSA,4.8144145012
UnskLab,SSA,1.1401414871
SkLab,SSA,0.62867999077
Capital,SSA,0.61296820641
NatRes,SSA,-0.45984554291
Food,SSA,1.0564342737
Mnfcs,SSA,0.49346229434
Svces,SSA,0.68522131443
CGDS,SSA,0.49482139945
Land,EU,-0.31008899212
UnskLab,EU,-0.021163048223
SkLab,EU,-0.015822065994
Capital,EU,-0.021196335554
NatRes,EU,0.016233077273
Food,EU,-0.078649803996
Mnfcs,EU,-0.019665153697
Svces,EU,-0.021408336237
CGDS,EU,-0.018621554598
Land,ROW,-0.027697663754
UnskLab,ROW,-4.57581039518118E-0003
SkLab,ROW,-3.85396741330624E-0003
Capital,ROW,-4.34207823127508E-0003
NatRes,ROW,-2.37443856894970E-0003
Food,ROW,-6.53014611452818E-0003
Mnfcs,ROW,-3.90462018549442E-0003
Svces,ROW,-4.18572966009378E-0003
CGDS,ROW,-3.87365045025945E-0003
