TRAD_COMM,REG,REG,Value
Food,SSA,SSA,-0.26530000567
Mnfcs,SSA,SSA,-1.7551441193
Svces,SSA,SSA,-1.3998607397
Food,EU,SSA,1.9750512838
Mnfcs,EU,SSA,0.95252519846
Svces,EU,SSA,1.3459773064
Food,ROW,SSA,1.8270095587
Mnfcs,ROW,SSA,0.8671117425
Svces,ROW,SSA,1.2779189348
Food,SSA,EU,22.786462784
Mnfcs,SSA,EU,-2.6051323414
Svces,SSA,EU,-2.685284853
Food,EU,EU,-0.56132441759
Mnfcs,EU,EU,0.053774707019
Svces,EU,EU,0.024755872786
Food,ROW,EU,-0.71281391382
Mnfcs,ROW,EU,-0.032048832625
Svces,ROW,EU,-0.04241495952
Food,SSA,ROW,-2.0105440617
Mnfcs,SSA,ROW,-2.5794482231
Svces,SSA,ROW,-2.6373710632
Food,EU,ROW,0.14606013894
Mnfcs,EU,ROW,0.089722365141
Svces,EU,ROW,0.074004001915
Food,ROW,ROW,-9.86419734545052E-0004
Mnfcs,ROW,ROW,4.84663899987936E-0003
Svces,ROW,ROW,6.80009555071592E-0003
